{"cameraMode":{"drawMode":0,"name":"Shaded","section":"Shading Mode"},"sceneLighting":true,"audioPlay":false,"sceneViewState":{"m_AlwaysRefresh":false,"showFog":true,"showSkybox":true,"showFlares":true,"showImageEffects":true,"showParticleSystems":true,"showVisualEffectGraphs":true,"m_FxEnabled":true},"in2DMode":false,"pivot":{"x":41.79314422607422,"y":19.109222412109376,"z":68.81327819824219},"rotation":{"x":-0.1753503680229187,"y":-0.030278466641902925,"z":0.0051832315512001518,"w":-0.9842022657394409},"size":12.623153686523438,"orthographic":false}