{"cameraMode":{"drawMode":0,"name":"Shaded","section":"Shading Mode"},"sceneLighting":true,"audioPlay":false,"sceneViewState":{"m_AlwaysRefresh":false,"showFog":true,"showSkybox":true,"showFlares":true,"showImageEffects":true,"showParticleSystems":true,"showVisualEffectGraphs":true,"m_FxEnabled":true},"in2DMode":false,"pivot":{"x":140.8141632080078,"y":228.11618041992188,"z":-16.255231857299806},"rotation":{"x":0.20446516573429109,"y":0.29285016655921938,"z":-0.06425902247428894,"w":0.9318321347236633},"size":93.14221954345703,"orthographic":true}