{"cameraMode":{"drawMode":0,"name":"Shaded","section":"Shading Mode"},"sceneLighting":true,"audioPlay":false,"sceneViewState":{"m_AlwaysRefresh":false,"showFog":true,"showSkybox":false,"showFlares":true,"showImageEffects":true,"showParticleSystems":true,"showVisualEffectGraphs":true,"m_FxEnabled":true},"in2DMode":false,"pivot":{"x":-0.19289755821228028,"y":-0.016421079635620118,"z":-2.278963088989258},"rotation":{"x":-0.15364129841327668,"y":-0.032841745764017108,"z":0.004999260883778334,"w":-0.9877363443374634},"size":126.7141342163086,"orthographic":false}